feature,importance
education-num,0.09019729995902051
capital-gain,0.05232331023900896
sex,0.04755306199227047
age,0.04724572438138217
marital-status,0.040709176918680125
hours-per-week,0.033816778284259885
capital-loss,0.019144845902862213
relationship,0.017868442503370253
race,0.005529802211245799
education,0.005096541894128706
fnlwgt,0.0036651506747893
occupation,0.0018166324663098773
workclass,0.0015038846611648434
native-country,0.0004825683643971644
