feature,importance
marital-status,0.08048052175646456
capital-gain,0.06266903560205118
education-num,0.06230933867032764
age,0.045062604226230506
hours-per-week,0.026841222035565653
sex,0.025384386179600482
relationship,0.02280136724214424
capital-loss,0.010361096364582056
fnlwgt,0.007774404769465075
workclass,0.0072527166674087274
education,0.005803817087171408
occupation,0.003936837960579558
race,0.0036530532447199824
native-country,0.001764395995657584
