{
  "metadata": {
    "timestamp": "2025-12-11T13:12:35.535886",
    "random_seeds": [
      42,
      123,
      456,
      789,
      1011
    ],
    "n_splits": 5,
    "total_evaluations": 25,
    "total_training_hours": "~12-16"
  },
  "baseline_results": {
    "diabetes": {
      "LR": {
        "accuracy": {
          "mean": 86.32544938505204,
          "std": 0.0815901423894431,
          "min": 86.08088930936613,
          "max": 86.46128981393882
        },
        "f1": {
          "mean": 82.90532793088686,
          "std": 0.22516218312730596
        },
        "all_accuracies": [
          86.19323557237465,
          86.2385682749921,
          86.3804793440555,
          86.33120466729738,
          86.35879848628193,
          86.41595711132135,
          86.37062440870388,
          86.08088930936613,
          86.4041311888994,
          86.38442131819615,
          86.2917849258909,
          86.35288552507096,
          86.36274046042259,
          86.35091453800064,
          86.4120151371807,
          86.24053926206244,
          86.46128981393882,
          86.32134973194576,
          86.31346578366445,
          86.30952380952381,
          86.4041311888994,
          86.31937874487544,
          86.3489435509303,
          86.25236518448439,
          86.2365972879218
        ],
        "all_f1s": [
          83.21028103251635,
          83.1120967333377,
          83.09837663048572,
          82.66213127748242,
          83.31430584770436,
          83.02833367609085,
          83.01196873323677,
          83.07870662386175,
          82.83573704127475,
          82.91049311099876,
          82.59584073846221,
          82.65364948611362,
          82.64634340957366,
          82.855309497007,
          82.65023067804688,
          82.5935424688794,
          82.81334834470039,
          83.08031653600915,
          82.80715028233718,
          83.06435858184743,
          82.88082707646109,
          82.9806148482923,
          82.44395418037763,
          83.16090255367601,
          83.14437888339808
        ]
      },
      "FNN": {
        "accuracy": {
          "mean": 86.57962787764113,
          "std": 0.07119052506678167,
          "min": 86.4356669820246,
          "max": 86.68401135288552
        },
        "f1": {
          "mean": 82.93562393067968,
          "std": 0.5336015855668262
        },
        "all_accuracies": [
          86.55786818038473,
          86.60517187007252,
          86.64064963733837,
          86.62488174077578,
          86.67218543046357,
          86.6426206244087,
          86.59925890886156,
          86.46523178807946,
          86.52830337432987,
          86.43960895616524,
          86.55983916745507,
          86.59531693472091,
          86.63276568905708,
          86.50070955534531,
          86.60122989593188,
          86.4356669820246,
          86.64656259854935,
          86.54407127089246,
          86.68401135288552,
          86.65247555976032,
          86.55392620624409,
          86.62093976663513,
          86.4672027751498,
          86.5795490381583,
          86.64064963733837
        ],
        "all_f1s": [
          83.00287108352431,
          83.21069870973847,
          83.24431194061759,
          83.01533279039015,
          83.12592415441208,
          83.21516298861836,
          82.4898827650059,
          83.22784533289884,
          81.99098727497805,
          81.29006091180227,
          82.59283120763244,
          83.32812761331148,
          83.98136229546799,
          82.92720151626163,
          82.4872299230419,
          83.35397446560157,
          83.24194083916497,
          83.63105585984346,
          82.81523943081423,
          82.59179118922206,
          82.42938294471993,
          83.13168790811352,
          83.34159573869634,
          82.7726744489975,
          82.95142493411689
        ]
      }
    },
    "adult": {
      "LR": {
        "accuracy": {
          "mean": 82.44403302636836,
          "std": 0.2679263311130712,
          "min": 81.92845079072623,
          "max": 82.92383292383292
        },
        "f1": {
          "mean": 80.97695355775014,
          "std": 0.31197416565276626
        },
        "all_accuracies": [
          82.2201750345463,
          82.0485257985258,
          82.52457002457002,
          82.61670761670761,
          82.92383292383292,
          82.45048364808844,
          82.49385749385749,
          82.37100737100738,
          82.14066339066339,
          82.66277641277642,
          81.92845079072623,
          82.63206388206387,
          82.53992628992629,
          82.81633906633907,
          82.49385749385749,
          82.49654537079687,
          82.14066339066339,
          82.002457002457,
          82.60135135135135,
          82.87776412776412,
          82.32765238753262,
          82.10995085995087,
          82.52457002457002,
          82.73955773955774,
          82.41707616707616
        ],
        "all_f1s": [
          80.69011319081099,
          80.4774659958706,
          81.28775629951551,
          81.18643366490255,
          81.43943707011921,
          80.91619414628569,
          81.00623689786534,
          81.05280065119457,
          80.6403187715681,
          81.29873931835608,
          80.54852708486247,
          81.2262398685001,
          80.95648557760926,
          81.26482803027507,
          81.10005359758475,
          80.96971953063287,
          80.674637513051,
          80.28656945395348,
          81.11948639804291,
          81.57533682898136,
          80.93867492449453,
          80.5931778080675,
          81.14637632147857,
          81.17076988581202,
          80.85746011391863
        ]
      },
      "FNN": {
        "accuracy": {
          "mean": 85.0096744707523,
          "std": 0.32215709738059817,
          "min": 84.24447174447175,
          "max": 85.67260442260442
        },
        "f1": {
          "mean": 84.21696866445986,
          "std": 0.3624612589707685
        },
        "all_accuracies": [
          84.89175495163519,
          84.24447174447175,
          84.73587223587224,
          85.44226044226045,
          85.0583538083538,
          85.04529402732996,
          84.67444717444718,
          85.28869778869779,
          84.64373464373465,
          85.39619164619164,
          85.04529402732996,
          85.10442260442261,
          84.96621621621621,
          84.87407862407862,
          85.27334152334153,
          84.87640104406572,
          84.6590909090909,
          84.98157248157248,
          85.67260442260442,
          85.48832923832924,
          85.13741747274682,
          85.02764127764128,
          85.27334152334153,
          84.50552825552825,
          84.93550368550369
        ],
        "all_f1s": [
          83.99183036396116,
          83.50943299232384,
          84.01899838376761,
          84.56933997065518,
          84.16997918855054,
          84.08295454284236,
          83.94510102433503,
          84.60237505521076,
          83.85447581476392,
          84.80190412646019,
          84.27263651194862,
          84.2112444847421,
          84.28118504789035,
          84.05996935739657,
          84.3170445014317,
          84.02852743456431,
          83.80829252068733,
          84.39057508329479,
          84.98401500931536,
          84.85386660183632,
          84.2720835101605,
          84.34540901092245,
          84.28091690116206,
          83.4722756272973,
          84.29978354597617
        ]
      }
    }
  },
  "hyperparameter_tuning": {
    "diabetes": {
      "LR": {
        "best_hp": {
          "lr": 0.005,
          "batch_size": 64
        },
        "best_accuracy": 86.2917849258909,
        "all_hp_results": [
          {
            "lr": 0.001,
            "batch_size": 32,
            "accuracy": 86.19323557237465,
            "f1": 83.08023702504939
          },
          {
            "lr": 0.001,
            "batch_size": 64,